<BackupInst xmlns="http://www.microsoft.com/GroupPolicy/GPOOperations/Manifest"><GPOGuid><![CDATA[{86da6f6f-1cdf-4748-b961-22aede047a12}]]></GPOGuid><GPODomain><![CDATA[shire.com]]></GPODomain><GPODomainGuid><![CDATA[{0071b080-6b81-498b-b00b-51b45474a348}]]></GPODomainGuid><GPODomainController><![CDATA[HFDC01.shire.com]]></GPODomainController><BackupTime><![CDATA[2019-05-15T11:26:04]]></BackupTime><ID><![CDATA[{5BC9FED0-D6A2-43AB-9D97-292469E48A3D}]]></ID><Comment><![CDATA[]]></Comment><GPODisplayName><![CDATA[PowerShell Logging]]></GPODisplayName></BackupInst>
