<Backups xmlns="http://www.microsoft.com/GroupPolicy/GPOOperations/Manifest" xmlns:mfst="http://www.microsoft.com/GroupPolicy/GPOOperations/Manifest" mfst:version="1.0"><BackupInst><GPOGuid><![CDATA[{70d43521-71be-4717-8029-e7014991cec0}]]></GPOGuid><GPODomain><![CDATA[shire.com]]></GPODomain><GPODomainGuid><![CDATA[{0071b080-6b81-498b-b00b-51b45474a348}]]></GPODomainGuid><GPODomainController><![CDATA[HFDC01.shire.com]]></GPODomainController><BackupTime><![CDATA[2019-05-15T11:22:58]]></BackupTime><ID><![CDATA[{9DB522DE-B7C9-4AFB-80A2-700B47518950}]]></ID><Comment><![CDATA[]]></Comment><GPODisplayName><![CDATA[Disable Windows Update]]></GPODisplayName></BackupInst></Backups>