<Backups xmlns="http://www.microsoft.com/GroupPolicy/GPOOperations/Manifest" xmlns:mfst="http://www.microsoft.com/GroupPolicy/GPOOperations/Manifest" mfst:version="1.0"><BackupInst><GPOGuid><![CDATA[{7e5791cb-a3d4-44b8-84be-1efbcae1da9c}]]></GPOGuid><GPODomain><![CDATA[shire.com]]></GPODomain><GPODomainGuid><![CDATA[{0071b080-6b81-498b-b00b-51b45474a348}]]></GPODomainGuid><GPODomainController><![CDATA[HFDC01.shire.com]]></GPODomainController><BackupTime><![CDATA[2019-05-15T11:23:56]]></BackupTime><ID><![CDATA[{CFA25219-A41F-4610-ACC7-5F9860B8608E}]]></ID><Comment><![CDATA[]]></Comment><GPODisplayName><![CDATA[Restrict SAM Remote Calls]]></GPODisplayName></BackupInst></Backups>