<Backups xmlns="http://www.microsoft.com/GroupPolicy/GPOOperations/Manifest" xmlns:mfst="http://www.microsoft.com/GroupPolicy/GPOOperations/Manifest" mfst:version="1.0"><BackupInst><GPOGuid><![CDATA[{3be97871-8ed0-436e-b6f1-ef45a14febc2}]]></GPOGuid><GPODomain><![CDATA[shire.com]]></GPODomain><GPODomainGuid><![CDATA[{0071b080-6b81-498b-b00b-51b45474a348}]]></GPODomainGuid><GPODomainController><![CDATA[HFDC01.shire.com]]></GPODomainController><BackupTime><![CDATA[2019-05-15T11:12:24]]></BackupTime><ID><![CDATA[{048F0B79-4D85-4F8E-AA06-D7C6A1EADFAF}]]></ID><Comment><![CDATA[]]></Comment><GPODisplayName><![CDATA[Windows Script Host]]></GPODisplayName></BackupInst></Backups>