<Backups xmlns="http://www.microsoft.com/GroupPolicy/GPOOperations/Manifest" xmlns:mfst="http://www.microsoft.com/GroupPolicy/GPOOperations/Manifest" mfst:version="1.0"><BackupInst><GPOGuid><![CDATA[{d0d4b108-2aa4-40a4-aab2-066db35cf4a8}]]></GPOGuid><GPODomain><![CDATA[shire.com]]></GPODomain><GPODomainGuid><![CDATA[{0071b080-6b81-498b-b00b-51b45474a348}]]></GPODomainGuid><GPODomainController><![CDATA[HFDC01.shire.com]]></GPODomainController><BackupTime><![CDATA[2019-05-15T11:29:47]]></BackupTime><ID><![CDATA[{CAF92029-9256-4A34-AF77-407E49FC1757}]]></ID><Comment><![CDATA[]]></Comment><GPODisplayName><![CDATA[Workstation Administrators]]></GPODisplayName></BackupInst></Backups>