<Backups xmlns="http://www.microsoft.com/GroupPolicy/GPOOperations/Manifest" xmlns:mfst="http://www.microsoft.com/GroupPolicy/GPOOperations/Manifest" mfst:version="1.0"><BackupInst><GPOGuid><![CDATA[{40474f8c-81b1-43a5-8b3b-839afe41d6b5}]]></GPOGuid><GPODomain><![CDATA[shire.com]]></GPODomain><GPODomainGuid><![CDATA[{0071b080-6b81-498b-b00b-51b45474a348}]]></GPODomainGuid><GPODomainController><![CDATA[HFDC01.shire.com]]></GPODomainController><BackupTime><![CDATA[2019-05-15T11:18:45]]></BackupTime><ID><![CDATA[{D8E49E70-7ECC-40FB-84CF-AB02C2034275}]]></ID><Comment><![CDATA[]]></Comment><GPODisplayName><![CDATA[Disable Windows Defender]]></GPODisplayName></BackupInst></Backups>