<BackupInst xmlns="http://www.microsoft.com/GroupPolicy/GPOOperations/Manifest"><GPOGuid><![CDATA[{95a12ba1-c5e0-4002-ac91-f97d22402c71}]]></GPOGuid><GPODomain><![CDATA[shire.com]]></GPODomain><GPODomainGuid><![CDATA[{0071b080-6b81-498b-b00b-51b45474a348}]]></GPODomainGuid><GPODomainController><![CDATA[HFDC01.shire.com]]></GPODomainController><BackupTime><![CDATA[2019-05-15T11:26:58]]></BackupTime><ID><![CDATA[{3E07654B-92A8-4A30-AB7E-8C27B8C4F490}]]></ID><Comment><![CDATA[]]></Comment><GPODisplayName><![CDATA[Disable Sleep Mode]]></GPODisplayName></BackupInst>
